[
  {
    "1970": 0.971,
    "2020": 0.794,
    "category": "Male",
    "raw_1970": 66,
    "raw_2020": 143
  },
  {
    "1970": 0.029,
    "2020": 0.178,
    "category": "Female",
    "raw_1970": 2,
    "raw_2020": 32
  },
  {
    "1970": 0.853,
    "2020": 0.494,
    "category": "W Europe",
    "raw_1970": 58,
    "raw_2020": 89
  },
  {
    "1970": 0.029,
    "2020": 0.017,
    "category": "E Europe",
    "raw_1970": 2,
    "raw_2020": 3
  },
  {
    "1970": 0.088,
    "2020": 0.372,
    "category": "N America",
    "raw_1970": 6,
    "raw_2020": 67
  },
  {
    "1970": 0.015,
    "2020": 0.028,
    "category": "S & C America",
    "raw_1970": 1,
    "raw_2020": 5
  },
  {
    "1970": 0.015,
    "2020": 0.072,
    "category": "Asia",
    "raw_1970": 1,
    "raw_2020": 13
  },
  {
    "1970": 0,
    "2020": 0.006,
    "category": "Middle East",
    "raw_1970": 0,
    "raw_2020": 1
  },
  {
    "1970": 0,
    "2020": 0.006,
    "category": "Africa",
    "raw_1970": 0,
    "raw_2020": 1
  }
]
